"Message",Low,"Запуск компиляции .NET Native"
"Message",Low,""
"Message",Low,""
"Message",Low,"Задача ""Gatekeeper"""
"Message",Normal,"Идет запуск ""C:\Program Files (x86)\Microsoft SDKs\UWPNuGetPackages\runtime.win10-x64.microsoft.net.native.compiler\2.1.8\tools\x64\ilc\ilc.exe --gatekeeper @""D:\Работа\C# Proj\ASU-KV-001\obj\x64\Release\ilc\intermediate\gkargs.rsp""""."
"Message",Low,"�ਢ�⭨� Microsoft (R) .NET Native ���ᨨ 2.1.26424.01 "
"Message",Low,"Copyright (C) Microsoft Corporation.  All rights reserved. "
"Message",Low," "
"Message",Low,"ILCTelemetry: System.ArgumentException: Could not deserialize to TelemetrySession object"
"Message",Low,"��� ��ࠬ���: serializedSession ---> System.Runtime.Serialization.SerializationException: �訡�� ���ਠ����樨 ��ꥪ� ⨯� Microsoft.VisualStudio.Telemetry.TelemetrySessionSettings. �������� ��થ� """""", �� ������ ""I"". ---> System.Xml.XmlException: �������� ��થ� """""", �� ������ ""I""."
"Message",Low,"   � System.Xml.XmlExceptionHelper.ThrowXmlException(XmlDictionaryReader reader, String res, String arg1, String arg2, String arg3)"
"Message",Low,"   � System.Runtime.Serialization.Json.XmlJsonReader.ReadServerTypeAttribute(Boolean consumedObjectChar)"
"Message",Low,"   � System.Runtime.Serialization.Json.XmlJsonReader.ReadAttributes()"
"Message",Low,"   � System.Runtime.Serialization.Json.XmlJsonReader.ReadNonExistentElementName(StringHandleConstStringType elementName)"
"Message",Low,"   � System.Runtime.Serialization.Json.XmlJsonReader.Read()"
"Message",Low,"   � System.Xml.XmlBaseReader.IsStartElement()"
"Message",Low,"   � System.Xml.XmlBaseReader.IsStartElement(XmlDictionaryString localName, XmlDictionaryString namespaceUri)"
"Message",Low,"   � System.Runtime.Serialization.XmlReaderDelegator.IsStartElement(XmlDictionaryString localname, XmlDictionaryString ns)"
"Message",Low,"   � System.Runtime.Serialization.XmlObjectSerializer.IsRootElement(XmlReaderDelegator reader, DataContract contract, XmlDictionaryString name, XmlDictionaryString ns)"
"Message",Low,"   � System.Runtime.Serialization.Json.DataContractJsonSerializer.InternalIsStartObject(XmlReaderDelegator reader)"
"Message",Low,"   � System.Runtime.Serialization.Json.DataContractJsonSerializer.InternalReadObject(XmlReaderDelegator xmlReader, Boolean verifyObjectName)"
"Message",Low,"   � System.Runtime.Serialization.XmlObjectSerializer.InternalReadObject(XmlReaderDelegator reader, Boolean verifyObjectName, DataContractResolver dataContractResolver)"
"Message",Low,"   � System.Runtime.Serialization.XmlObjectSerializer.ReadObjectHandleExceptions(XmlReaderDelegator reader, Boolean verifyObjectName, DataContractResolver dataContractResolver)"
"Message",Low,"   --- ����� ����஢�� ����७���� �⥪� �᪫�祭�� ---"
"Message",Low,"   � System.Runtime.Serialization.XmlObjectSerializer.ReadObjectHandleExceptions(XmlReaderDelegator reader, Boolean verifyObjectName, DataContractResolver dataContractResolver)"
"Message",Low,"   � System.Runtime.Serialization.Json.DataContractJsonSerializer.ReadObject(XmlDictionaryReader reader)"
"Message",Low,"   � System.Runtime.Serialization.Json.DataContractJsonSerializer.ReadObject(Stream stream)"
"Message",Low,"   � Microsoft.VisualStudio.Telemetry.TelemetrySessionSettings.Deserialize(String settings)"
"Message",Low,"   � Microsoft.VisualStudio.Telemetry.TelemetrySessionSettings.Parse(String serializedSession)"
"Message",Low,"   --- ����� ����஢�� ����७���� �⥪� �᪫�祭�� ---"
"Message",Low,"   � Microsoft.VisualStudio.Telemetry.TelemetrySessionSettings.Parse(String serializedSession)"
"Message",Low,"   � ILCTelemetry.Program.ReadEvents()"
"Message",Low,"   � ILCTelemetry.Program.Main(String[] args)"
"Message",Low,"���� �஢�ઠ ᡮન ""D:\�����\C# Proj\ASU-KV-001\obj\x64\Release\ilc\in\ASU-KV-001.exe"". "
"Message",Low,"���� �஢�ઠ ᡮન ""D:\�����\C# Proj\ASU-KV-001\obj\x64\Release\ilc\in\SQLite.Net.dll"". "
"Message",Low,"���� �஢�ઠ ᡮન ""D:\�����\C# Proj\ASU-KV-001\obj\x64\Release\ilc\in\SQLite.Net.Platform.WinRT.dll"". "
"Message",Normal,"Задача ""C:\Program Files (x86)\Microsoft SDKs\UWPNuGetPackages\runtime.win10-x64.microsoft.net.native.compiler\2.1.8\tools\x64\ilc\ilc.exe --gatekeeper @""D:\Работа\C# Proj\ASU-KV-001\obj\x64\Release\ilc\intermediate\gkargs.rsp"""" завершена."
"Message",Normal,"Статистика выполнения процессов (все значения в миллисекундах)"
"Message",Normal,"-----------------------------------------------------------------------------"
"Message",Normal,"запустить  |  начать   |   остановить   |   завершить    | длительность | время существования | имя [слот]"
"Message",Normal,"-----------------------------------------------------------------------------"
"Message",Normal,"       0 |       32 |      485 |      485 |      453 |      485 | [0] Gatekeeper"
"Message",Normal,"Число команд:      1"
"Message",Normal,"Общее системное время:       485 мс"
"Message",Normal,"Системное время на команду: 485 мс"
"Message",Normal,"Общая длительность:          453 мс"
"Message",Normal,"Общее время жизни:          485 мс"
"Message",Normal,"Запрошенный DOP:           4"
"Message",Normal,"Длительность DOP:            0,9"
"Message",Normal,"Время жизни DOP:            1,0"
"Message",Low,"Выполнение задачи ""Gatekeeper"" завершено."
"Message",Low,"Сборка целевого объекта ""RunGatekeeper"" в файле ""Preparation"" завершена."
"Message",Low,""
"Message",Low,"Сборка целевого объекта ""CreateToolchainGeneratedAssembly"" в файле ""Preparation"" завершена."
"Message",Low,""
"Message",Low,"Задача ""PreMergeAssemblyClosure"""
"Message",Low,"Выполнение задачи ""PreMergeAssemblyClosure"" завершено."
"Message",Low,"Сборка целевого объекта ""ConstructPreMergeAssemblyClosure"" в файле ""Preparation"" завершена."
"Message",Low,""
"Message",Low,"Задача ""McgReferenceResolveFilePath"""
"Message",Low,"Выполнение задачи ""McgReferenceResolveFilePath"" завершено."
"Message",Low,"Сборка целевого объекта ""PreResolveTransforms"" в файле ""Preparation"" завершена."
"Message",Low,""
"Message",Low,"Задача ""ResolveToolchainRequiredAssemblyRoots"""
"Message",Low,"Выполнение задачи ""ResolveToolchainRequiredAssemblyRoots"" завершено."
"Message",Low,"Задача ""ILTransformAssemblyClosure"""
"Message",Low,"Выполнение задачи ""ILTransformAssemblyClosure"" завершено."
"Message",Low,"Задача ""ResolveToolchainRequiredAssemblyRoots"""
"Message",Low,"Выполнение задачи ""ResolveToolchainRequiredAssemblyRoots"" завершено."
"Message",Low,"Задача ""ReducedCopyAssemblyClosure"""
"Message",Low,"Выполнение задачи ""ReducedCopyAssemblyClosure"" завершено."
"Message",Low,"Сборка целевого объекта ""ConstructILTransformAssemblyClosure"" в файле ""Preparation"" завершена."
"Message",Low,"Сборка проекта ""Preparation"" завершена."
"Message",Low,""
"Message",Low,""
"Message",High,"Обработка кода приложения"
"Message",Low,"Задача ""RunILTransforms"""
"Message",Normal,"Выполняется преобразование ""DumpNativeResources"", размер кучи — 10 МБ."
"Message",Normal,"Выполняется преобразование ""Analysis"", размер кучи — 24 МБ."
"Message",Low,"Идет загрузка модулей (54)..."
"Message",Normal,"Импортированы директивы отражений из нескольких файлов (8):"
"Message",Normal,"D:\Работа\C# Proj\ASU-KV-001\obj\x64\Release\ilc\in\Properties\Default.rd.xml"
"Message",Normal,"Встроенный манифест System.Private.Interop: Resources.System.Private.Interop.rd.xml"
"Message",Normal,"Встроенный манифест System.Private.WinRTInterop.CoreLib: Resources.System.Private.WinRTInterop.CoreLib.rd.xml"
"Message",Normal,"Встроенный манифест System.Runtime.WindowsRuntime.UI.Xaml: Resources.System.Runtime.WindowsRuntime.UI.Xaml.rd.xml"
"Message",Normal,"Встроенный манифест System.Private.CoreLib: Resources.System.Private.CoreLib.rd.xml"
"Message",Normal,"Встроенный манифест System.Private.Uri: Resources.System.Private.Uri.rd.xml"
"Message",Normal,"Встроенный манифест System.Private.Reflection.Core: System.Private.Reflection.Core.rd.xml"
"Message",Normal,"Встроенный манифест System.Linq.Expressions: System.Linq.Expressions.Resources.System.Linq.Expressions.rd.xml"
"Message",Normal,"Импортированы корни XAML из нескольких файлов (1):"
"Message",Normal,"D:\Работа\C# Proj\ASU-KV-001\obj\x64\Release\ilc\in\ASU-KV-001.xr.xml"
"Message",Normal,"Выполняется преобразование ""Mcg"", размер кучи — 217 МБ."
"Message",High,"Идет вычисление закрытия приложения и создание кода взаимодействия"
"Message",High,"  Идет загрузка модулей (54)..."
"Warning",,0,0,"      MCG : warning MCG0007: Неразрешенный метод P/Invoke ""sqlite3!sqlite3_open"" для метода ""SQLite.Net.Interop.Result SQLite.Net.Platform.WinRT.SQLite3.Open(System.String, System.IntPtr)"". Вызов этого метода приведет к исключению во время выполнения. Убедитесь, что P/Invoke указывает на API Windows, разрешенный в приложениях UWP, или на библиотеку DLL в машинном коде, которая является частью пакета. Если по какой-то причине P/Invoke не отвечает этим условиям, используйте [DllImport(ExactSpelling=true), чтобы показать, что вы понимаете последствия использования API, не относящихся к UWP."
"Warning",,0,0,"      MCG : warning MCG0007: Неразрешенный метод P/Invoke ""sqlite3!sqlite3_open_v2"" для метода ""SQLite.Net.Interop.Result SQLite.Net.Platform.WinRT.SQLite3.Open(System.String, System.IntPtr, System.Int32, System.IntPtr)"". Вызов этого метода приведет к исключению во время выполнения. Убедитесь, что P/Invoke указывает на API Windows, разрешенный в приложениях UWP, или на библиотеку DLL в машинном коде, которая является частью пакета. Если по какой-то причине P/Invoke не отвечает этим условиям, используйте [DllImport(ExactSpelling=true), чтобы показать, что вы понимаете последствия использования API, не относящихся к UWP."
"Warning",,0,0,"      MCG : warning MCG0007: Неразрешенный метод P/Invoke ""sqlite3!sqlite3_open_v2"" для метода ""SQLite.Net.Interop.Result SQLite.Net.Platform.WinRT.SQLite3.Open(System.Byte[], System.IntPtr, System.Int32, System.IntPtr)"". Вызов этого метода приведет к исключению во время выполнения. Убедитесь, что P/Invoke указывает на API Windows, разрешенный в приложениях UWP, или на библиотеку DLL в машинном коде, которая является частью пакета. Если по какой-то причине P/Invoke не отвечает этим условиям, используйте [DllImport(ExactSpelling=true), чтобы показать, что вы понимаете последствия использования API, не относящихся к UWP."
"Warning",,0,0,"      MCG : warning MCG0007: Неразрешенный метод P/Invoke ""sqlite3!sqlite3_open16"" для метода ""SQLite.Net.Interop.Result SQLite.Net.Platform.WinRT.SQLite3.Open16(System.String, System.IntPtr)"". Вызов этого метода приведет к исключению во время выполнения. Убедитесь, что P/Invoke указывает на API Windows, разрешенный в приложениях UWP, или на библиотеку DLL в машинном коде, которая является частью пакета. Если по какой-то причине P/Invoke не отвечает этим условиям, используйте [DllImport(ExactSpelling=true), чтобы показать, что вы понимаете последствия использования API, не относящихся к UWP."
"Warning",,0,0,"      MCG : warning MCG0007: Неразрешенный метод P/Invoke ""sqlite3!sqlite3_close"" для метода ""SQLite.Net.Interop.Result SQLite.Net.Platform.WinRT.SQLite3.Close(System.IntPtr)"". Вызов этого метода приведет к исключению во время выполнения. Убедитесь, что P/Invoke указывает на API Windows, разрешенный в приложениях UWP, или на библиотеку DLL в машинном коде, которая является частью пакета. Если по какой-то причине P/Invoke не отвечает этим условиям, используйте [DllImport(ExactSpelling=true), чтобы показать, что вы понимаете последствия использования API, не относящихся к UWP."
"Warning",,0,0,"      MCG : warning MCG0007: Неразрешенный метод P/Invoke ""sqlite3!sqlite3_config"" для метода ""SQLite.Net.Interop.Result SQLite.Net.Platform.WinRT.SQLite3.Config(SQLite.Net.Interop.ConfigOption)"". Вызов этого метода приведет к исключению во время выполнения. Убедитесь, что P/Invoke указывает на API Windows, разрешенный в приложениях UWP, или на библиотеку DLL в машинном коде, которая является частью пакета. Если по какой-то причине P/Invoke не отвечает этим условиям, используйте [DllImport(ExactSpelling=true), чтобы показать, что вы понимаете последствия использования API, не относящихся к UWP."
"Warning",,0,0,"      MCG : warning MCG0007: Неразрешенный метод P/Invoke ""sqlite3!sqlite3_win32_set_directory"" для метода ""System.Int32 SQLite.Net.Platform.WinRT.SQLite3.SetDirectory(System.UInt32, System.String)"". Вызов этого метода приведет к исключению во время выполнения. Убедитесь, что P/Invoke указывает на API Windows, разрешенный в приложениях UWP, или на библиотеку DLL в машинном коде, которая является частью пакета. Если по какой-то причине P/Invoke не отвечает этим условиям, используйте [DllImport(ExactSpelling=true), чтобы показать, что вы понимаете последствия использования API, не относящихся к UWP."
"Warning",,0,0,"      MCG : warning MCG0007: Неразрешенный метод P/Invoke ""sqlite3!sqlite3_busy_timeout"" для метода ""SQLite.Net.Interop.Result SQLite.Net.Platform.WinRT.SQLite3.BusyTimeout(System.IntPtr, System.Int32)"". Вызов этого метода приведет к исключению во время выполнения. Убедитесь, что P/Invoke указывает на API Windows, разрешенный в приложениях UWP, или на библиотеку DLL в машинном коде, которая является частью пакета. Если по какой-то причине P/Invoke не отвечает этим условиям, используйте [DllImport(ExactSpelling=true), чтобы показать, что вы понимаете последствия использования API, не относящихся к UWP."
"Warning",,0,0,"      MCG : warning MCG0007: Неразрешенный метод P/Invoke ""sqlite3!sqlite3_changes"" для метода ""System.Int32 SQLite.Net.Platform.WinRT.SQLite3.Changes(System.IntPtr)"". Вызов этого метода приведет к исключению во время выполнения. Убедитесь, что P/Invoke указывает на API Windows, разрешенный в приложениях UWP, или на библиотеку DLL в машинном коде, которая является частью пакета. Если по какой-то причине P/Invoke не отвечает этим условиям, используйте [DllImport(ExactSpelling=true), чтобы показать, что вы понимаете последствия использования API, не относящихся к UWP."
"Warning",,0,0,"      MCG : warning MCG0007: Неразрешенный метод P/Invoke ""sqlite3!sqlite3_prepare_v2"" для метода ""SQLite.Net.Interop.Result SQLite.Net.Platform.WinRT.SQLite3.Prepare2(System.IntPtr, System.String, System.Int32, System.IntPtr, System.IntPtr)"". Вызов этого метода приведет к исключению во время выполнения. Убедитесь, что P/Invoke указывает на API Windows, разрешенный в приложениях UWP, или на библиотеку DLL в машинном коде, которая является частью пакета. Если по какой-то причине P/Invoke не отвечает этим условиям, используйте [DllImport(ExactSpelling=true), чтобы показать, что вы понимаете последствия использования API, не относящихся к UWP."
"Warning",,0,0,"      MCG : warning MCG0007: Неразрешенный метод P/Invoke ""sqlite3!sqlite3_step"" для метода ""SQLite.Net.Interop.Result SQLite.Net.Platform.WinRT.SQLite3.Step(System.IntPtr)"". Вызов этого метода приведет к исключению во время выполнения. Убедитесь, что P/Invoke указывает на API Windows, разрешенный в приложениях UWP, или на библиотеку DLL в машинном коде, которая является частью пакета. Если по какой-то причине P/Invoke не отвечает этим условиям, используйте [DllImport(ExactSpelling=true), чтобы показать, что вы понимаете последствия использования API, не относящихся к UWP."
"Warning",,0,0,"      MCG : warning MCG0007: Неразрешенный метод P/Invoke ""sqlite3!sqlite3_reset"" для метода ""SQLite.Net.Interop.Result SQLite.Net.Platform.WinRT.SQLite3.Reset(System.IntPtr)"". Вызов этого метода приведет к исключению во время выполнения. Убедитесь, что P/Invoke указывает на API Windows, разрешенный в приложениях UWP, или на библиотеку DLL в машинном коде, которая является частью пакета. Если по какой-то причине P/Invoke не отвечает этим условиям, используйте [DllImport(ExactSpelling=true), чтобы показать, что вы понимаете последствия использования API, не относящихся к UWP."
"Warning",,0,0,"      MCG : warning MCG0007: Неразрешенный метод P/Invoke ""sqlite3!sqlite3_finalize"" для метода ""SQLite.Net.Interop.Result SQLite.Net.Platform.WinRT.SQLite3.Finalize(System.IntPtr)"". Вызов этого метода приведет к исключению во время выполнения. Убедитесь, что P/Invoke указывает на API Windows, разрешенный в приложениях UWP, или на библиотеку DLL в машинном коде, которая является частью пакета. Если по какой-то причине P/Invoke не отвечает этим условиям, используйте [DllImport(ExactSpelling=true), чтобы показать, что вы понимаете последствия использования API, не относящихся к UWP."
"Warning",,0,0,"      MCG : warning MCG0007: Неразрешенный метод P/Invoke ""sqlite3!sqlite3_last_insert_rowid"" для метода ""System.Int64 SQLite.Net.Platform.WinRT.SQLite3.LastInsertRowid(System.IntPtr)"". Вызов этого метода приведет к исключению во время выполнения. Убедитесь, что P/Invoke указывает на API Windows, разрешенный в приложениях UWP, или на библиотеку DLL в машинном коде, которая является частью пакета. Если по какой-то причине P/Invoke не отвечает этим условиям, используйте [DllImport(ExactSpelling=true), чтобы показать, что вы понимаете последствия использования API, не относящихся к UWP."
"Warning",,0,0,"      MCG : warning MCG0007: Неразрешенный метод P/Invoke ""sqlite3!sqlite3_errmsg16"" для метода ""System.IntPtr SQLite.Net.Platform.WinRT.SQLite3.Errmsg(System.IntPtr)"". Вызов этого метода приведет к исключению во время выполнения. Убедитесь, что P/Invoke указывает на API Windows, разрешенный в приложениях UWP, или на библиотеку DLL в машинном коде, которая является частью пакета. Если по какой-то причине P/Invoke не отвечает этим условиям, используйте [DllImport(ExactSpelling=true), чтобы показать, что вы понимаете последствия использования API, не относящихся к UWP."
"Warning",,0,0,"      MCG : warning MCG0007: Неразрешенный метод P/Invoke ""sqlite3!sqlite3_bind_parameter_index"" для метода ""System.Int32 SQLite.Net.Platform.WinRT.SQLite3.BindParameterIndex(System.IntPtr, System.String)"". Вызов этого метода приведет к исключению во время выполнения. Убедитесь, что P/Invoke указывает на API Windows, разрешенный в приложениях UWP, или на библиотеку DLL в машинном коде, которая является частью пакета. Если по какой-то причине P/Invoke не отвечает этим условиям, используйте [DllImport(ExactSpelling=true), чтобы показать, что вы понимаете последствия использования API, не относящихся к UWP."
"Warning",,0,0,"      MCG : warning MCG0007: Неразрешенный метод P/Invoke ""sqlite3!sqlite3_bind_null"" для метода ""System.Int32 SQLite.Net.Platform.WinRT.SQLite3.BindNull(System.IntPtr, System.Int32)"". Вызов этого метода приведет к исключению во время выполнения. Убедитесь, что P/Invoke указывает на API Windows, разрешенный в приложениях UWP, или на библиотеку DLL в машинном коде, которая является частью пакета. Если по какой-то причине P/Invoke не отвечает этим условиям, используйте [DllImport(ExactSpelling=true), чтобы показать, что вы понимаете последствия использования API, не относящихся к UWP."
"Warning",,0,0,"      MCG : warning MCG0007: Неразрешенный метод P/Invoke ""sqlite3!sqlite3_bind_int"" для метода ""System.Int32 SQLite.Net.Platform.WinRT.SQLite3.BindInt(System.IntPtr, System.Int32, System.Int32)"". Вызов этого метода приведет к исключению во время выполнения. Убедитесь, что P/Invoke указывает на API Windows, разрешенный в приложениях UWP, или на библиотеку DLL в машинном коде, которая является частью пакета. Если по какой-то причине P/Invoke не отвечает этим условиям, используйте [DllImport(ExactSpelling=true), чтобы показать, что вы понимаете последствия использования API, не относящихся к UWP."
"Warning",,0,0,"      MCG : warning MCG0007: Неразрешенный метод P/Invoke ""sqlite3!sqlite3_bind_int64"" для метода ""System.Int32 SQLite.Net.Platform.WinRT.SQLite3.BindInt64(System.IntPtr, System.Int32, System.Int64)"". Вызов этого метода приведет к исключению во время выполнения. Убедитесь, что P/Invoke указывает на API Windows, разрешенный в приложениях UWP, или на библиотеку DLL в машинном коде, которая является частью пакета. Если по какой-то причине P/Invoke не отвечает этим условиям, используйте [DllImport(ExactSpelling=true), чтобы показать, что вы понимаете последствия использования API, не относящихся к UWP."
"Warning",,0,0,"      MCG : warning MCG0007: Неразрешенный метод P/Invoke ""sqlite3!sqlite3_bind_double"" для метода ""System.Int32 SQLite.Net.Platform.WinRT.SQLite3.BindDouble(System.IntPtr, System.Int32, System.Double)"". Вызов этого метода приведет к исключению во время выполнения. Убедитесь, что P/Invoke указывает на API Windows, разрешенный в приложениях UWP, или на библиотеку DLL в машинном коде, которая является частью пакета. Если по какой-то причине P/Invoke не отвечает этим условиям, используйте [DllImport(ExactSpelling=true), чтобы показать, что вы понимаете последствия использования API, не относящихся к UWP."
"Warning",,0,0,"      MCG : warning MCG0007: Неразрешенный метод P/Invoke ""sqlite3!sqlite3_bind_text16"" для метода ""System.Int32 SQLite.Net.Platform.WinRT.SQLite3.BindText(System.IntPtr, System.Int32, System.String, System.Int32, System.IntPtr)"". Вызов этого метода приведет к исключению во время выполнения. Убедитесь, что P/Invoke указывает на API Windows, разрешенный в приложениях UWP, или на библиотеку DLL в машинном коде, которая является частью пакета. Если по какой-то причине P/Invoke не отвечает этим условиям, используйте [DllImport(ExactSpelling=true), чтобы показать, что вы понимаете последствия использования API, не относящихся к UWP."
"Warning",,0,0,"      MCG : warning MCG0007: Неразрешенный метод P/Invoke ""sqlite3!sqlite3_bind_blob"" для метода ""System.Int32 SQLite.Net.Platform.WinRT.SQLite3.BindBlob(System.IntPtr, System.Int32, System.Byte[], System.Int32, System.IntPtr)"". Вызов этого метода приведет к исключению во время выполнения. Убедитесь, что P/Invoke указывает на API Windows, разрешенный в приложениях UWP, или на библиотеку DLL в машинном коде, которая является частью пакета. Если по какой-то причине P/Invoke не отвечает этим условиям, используйте [DllImport(ExactSpelling=true), чтобы показать, что вы понимаете последствия использования API, не относящихся к UWP."
"Warning",,0,0,"      MCG : warning MCG0007: Неразрешенный метод P/Invoke ""sqlite3!sqlite3_column_count"" для метода ""System.Int32 SQLite.Net.Platform.WinRT.SQLite3.ColumnCount(System.IntPtr)"". Вызов этого метода приведет к исключению во время выполнения. Убедитесь, что P/Invoke указывает на API Windows, разрешенный в приложениях UWP, или на библиотеку DLL в машинном коде, которая является частью пакета. Если по какой-то причине P/Invoke не отвечает этим условиям, используйте [DllImport(ExactSpelling=true), чтобы показать, что вы понимаете последствия использования API, не относящихся к UWP."
"Warning",,0,0,"      MCG : warning MCG0007: Неразрешенный метод P/Invoke ""sqlite3!sqlite3_column_name"" для метода ""System.IntPtr SQLite.Net.Platform.WinRT.SQLite3.ColumnName(System.IntPtr, System.Int32)"". Вызов этого метода приведет к исключению во время выполнения. Убедитесь, что P/Invoke указывает на API Windows, разрешенный в приложениях UWP, или на библиотеку DLL в машинном коде, которая является частью пакета. Если по какой-то причине P/Invoke не отвечает этим условиям, используйте [DllImport(ExactSpelling=true), чтобы показать, что вы понимаете последствия использования API, не относящихся к UWP."
"Warning",,0,0,"      MCG : warning MCG0007: Неразрешенный метод P/Invoke ""sqlite3!sqlite3_column_name16"" для метода ""System.IntPtr SQLite.Net.Platform.WinRT.SQLite3.ColumnName16Internal(System.IntPtr, System.Int32)"". Вызов этого метода приведет к исключению во время выполнения. Убедитесь, что P/Invoke указывает на API Windows, разрешенный в приложениях UWP, или на библиотеку DLL в машинном коде, которая является частью пакета. Если по какой-то причине P/Invoke не отвечает этим условиям, используйте [DllImport(ExactSpelling=true), чтобы показать, что вы понимаете последствия использования API, не относящихся к UWP."
"Warning",,0,0,"      MCG : warning MCG0007: Неразрешенный метод P/Invoke ""sqlite3!sqlite3_column_type"" для метода ""SQLite.Net.Interop.ColType SQLite.Net.Platform.WinRT.SQLite3.ColumnType(System.IntPtr, System.Int32)"". Вызов этого метода приведет к исключению во время выполнения. Убедитесь, что P/Invoke указывает на API Windows, разрешенный в приложениях UWP, или на библиотеку DLL в машинном коде, которая является частью пакета. Если по какой-то причине P/Invoke не отвечает этим условиям, используйте [DllImport(ExactSpelling=true), чтобы показать, что вы понимаете последствия использования API, не относящихся к UWP."
"Warning",,0,0,"      MCG : warning MCG0007: Неразрешенный метод P/Invoke ""sqlite3!sqlite3_column_int"" для метода ""System.Int32 SQLite.Net.Platform.WinRT.SQLite3.ColumnInt(System.IntPtr, System.Int32)"". Вызов этого метода приведет к исключению во время выполнения. Убедитесь, что P/Invoke указывает на API Windows, разрешенный в приложениях UWP, или на библиотеку DLL в машинном коде, которая является частью пакета. Если по какой-то причине P/Invoke не отвечает этим условиям, используйте [DllImport(ExactSpelling=true), чтобы показать, что вы понимаете последствия использования API, не относящихся к UWP."
"Warning",,0,0,"      MCG : warning MCG0007: Неразрешенный метод P/Invoke ""sqlite3!sqlite3_column_int64"" для метода ""System.Int64 SQLite.Net.Platform.WinRT.SQLite3.ColumnInt64(System.IntPtr, System.Int32)"". Вызов этого метода приведет к исключению во время выполнения. Убедитесь, что P/Invoke указывает на API Windows, разрешенный в приложениях UWP, или на библиотеку DLL в машинном коде, которая является частью пакета. Если по какой-то причине P/Invoke не отвечает этим условиям, используйте [DllImport(ExactSpelling=true), чтобы показать, что вы понимаете последствия использования API, не относящихся к UWP."
"Warning",,0,0,"      MCG : warning MCG0007: Неразрешенный метод P/Invoke ""sqlite3!sqlite3_column_double"" для метода ""System.Double SQLite.Net.Platform.WinRT.SQLite3.ColumnDouble(System.IntPtr, System.Int32)"". Вызов этого метода приведет к исключению во время выполнения. Убедитесь, что P/Invoke указывает на API Windows, разрешенный в приложениях UWP, или на библиотеку DLL в машинном коде, которая является частью пакета. Если по какой-то причине P/Invoke не отвечает этим условиям, используйте [DllImport(ExactSpelling=true), чтобы показать, что вы понимаете последствия использования API, не относящихся к UWP."
"Warning",,0,0,"      MCG : warning MCG0007: Неразрешенный метод P/Invoke ""sqlite3!sqlite3_column_text"" для метода ""System.IntPtr SQLite.Net.Platform.WinRT.SQLite3.ColumnText(System.IntPtr, System.Int32)"". Вызов этого метода приведет к исключению во время выполнения. Убедитесь, что P/Invoke указывает на API Windows, разрешенный в приложениях UWP, или на библиотеку DLL в машинном коде, которая является частью пакета. Если по какой-то причине P/Invoke не отвечает этим условиям, используйте [DllImport(ExactSpelling=true), чтобы показать, что вы понимаете последствия использования API, не относящихся к UWP."
"Warning",,0,0,"      MCG : warning MCG0007: Неразрешенный метод P/Invoke ""sqlite3!sqlite3_column_text16"" для метода ""System.IntPtr SQLite.Net.Platform.WinRT.SQLite3.ColumnText16(System.IntPtr, System.Int32)"". Вызов этого метода приведет к исключению во время выполнения. Убедитесь, что P/Invoke указывает на API Windows, разрешенный в приложениях UWP, или на библиотеку DLL в машинном коде, которая является частью пакета. Если по какой-то причине P/Invoke не отвечает этим условиям, используйте [DllImport(ExactSpelling=true), чтобы показать, что вы понимаете последствия использования API, не относящихся к UWP."
"Warning",,0,0,"      MCG : warning MCG0007: Неразрешенный метод P/Invoke ""sqlite3!sqlite3_column_blob"" для метода ""System.IntPtr SQLite.Net.Platform.WinRT.SQLite3.ColumnBlob(System.IntPtr, System.Int32)"". Вызов этого метода приведет к исключению во время выполнения. Убедитесь, что P/Invoke указывает на API Windows, разрешенный в приложениях UWP, или на библиотеку DLL в машинном коде, которая является частью пакета. Если по какой-то причине P/Invoke не отвечает этим условиям, используйте [DllImport(ExactSpelling=true), чтобы показать, что вы понимаете последствия использования API, не относящихся к UWP."
"Warning",,0,0,"      MCG : warning MCG0007: Неразрешенный метод P/Invoke ""sqlite3!sqlite3_column_bytes"" для метода ""System.Int32 SQLite.Net.Platform.WinRT.SQLite3.ColumnBytes(System.IntPtr, System.Int32)"". Вызов этого метода приведет к исключению во время выполнения. Убедитесь, что P/Invoke указывает на API Windows, разрешенный в приложениях UWP, или на библиотеку DLL в машинном коде, которая является частью пакета. Если по какой-то причине P/Invoke не отвечает этим условиям, используйте [DllImport(ExactSpelling=true), чтобы показать, что вы понимаете последствия использования API, не относящихся к UWP."
"Warning",,0,0,"      MCG : warning MCG0007: Неразрешенный метод P/Invoke ""sqlite3!sqlite3_extended_errcode"" для метода ""SQLite.Net.Interop.ExtendedResult SQLite.Net.Platform.WinRT.SQLite3.sqlite3_extended_errcode(System.IntPtr)"". Вызов этого метода приведет к исключению во время выполнения. Убедитесь, что P/Invoke указывает на API Windows, разрешенный в приложениях UWP, или на библиотеку DLL в машинном коде, которая является частью пакета. Если по какой-то причине P/Invoke не отвечает этим условиям, используйте [DllImport(ExactSpelling=true), чтобы показать, что вы понимаете последствия использования API, не относящихся к UWP."
"Warning",,0,0,"      MCG : warning MCG0007: Неразрешенный метод P/Invoke ""sqlite3!sqlite3_libversion_number"" для метода ""System.Int32 SQLite.Net.Platform.WinRT.SQLite3.sqlite3_libversion_number()"". Вызов этого метода приведет к исключению во время выполнения. Убедитесь, что P/Invoke указывает на API Windows, разрешенный в приложениях UWP, или на библиотеку DLL в машинном коде, которая является частью пакета. Если по какой-то причине P/Invoke не отвечает этим условиям, используйте [DllImport(ExactSpelling=true), чтобы показать, что вы понимаете последствия использования API, не относящихся к UWP."
"Warning",,0,0,"      MCG : warning MCG0007: Неразрешенный метод P/Invoke ""sqlite3!sqlite3_sourceid"" для метода ""System.IntPtr SQLite.Net.Platform.WinRT.SQLite3.sqlite3_sourceid()"". Вызов этого метода приведет к исключению во время выполнения. Убедитесь, что P/Invoke указывает на API Windows, разрешенный в приложениях UWP, или на библиотеку DLL в машинном коде, которая является частью пакета. Если по какой-то причине P/Invoke не отвечает этим условиям, используйте [DllImport(ExactSpelling=true), чтобы показать, что вы понимаете последствия использования API, не относящихся к UWP."
"Warning",,0,0,"      MCG : warning MCG0007: Неразрешенный метод P/Invoke ""sqlite3!sqlite3_backup_init"" для метода ""System.IntPtr SQLite.Net.Platform.WinRT.SQLite3.sqlite3_backup_init(System.IntPtr, System.String, System.IntPtr, System.String)"". Вызов этого метода приведет к исключению во время выполнения. Убедитесь, что P/Invoke указывает на API Windows, разрешенный в приложениях UWP, или на библиотеку DLL в машинном коде, которая является частью пакета. Если по какой-то причине P/Invoke не отвечает этим условиям, используйте [DllImport(ExactSpelling=true), чтобы показать, что вы понимаете последствия использования API, не относящихся к UWP."
"Warning",,0,0,"      MCG : warning MCG0007: Неразрешенный метод P/Invoke ""sqlite3!sqlite3_backup_step"" для метода ""SQLite.Net.Interop.Result SQLite.Net.Platform.WinRT.SQLite3.sqlite3_backup_step(System.IntPtr, System.Int32)"". Вызов этого метода приведет к исключению во время выполнения. Убедитесь, что P/Invoke указывает на API Windows, разрешенный в приложениях UWP, или на библиотеку DLL в машинном коде, которая является частью пакета. Если по какой-то причине P/Invoke не отвечает этим условиям, используйте [DllImport(ExactSpelling=true), чтобы показать, что вы понимаете последствия использования API, не относящихся к UWP."
"Warning",,0,0,"      MCG : warning MCG0007: Неразрешенный метод P/Invoke ""sqlite3!sqlite3_backup_finish"" для метода ""SQLite.Net.Interop.Result SQLite.Net.Platform.WinRT.SQLite3.sqlite3_backup_finish(System.IntPtr)"". Вызов этого метода приведет к исключению во время выполнения. Убедитесь, что P/Invoke указывает на API Windows, разрешенный в приложениях UWP, или на библиотеку DLL в машинном коде, которая является частью пакета. Если по какой-то причине P/Invoke не отвечает этим условиям, используйте [DllImport(ExactSpelling=true), чтобы показать, что вы понимаете последствия использования API, не относящихся к UWP."
"Warning",,0,0,"      MCG : warning MCG0007: Неразрешенный метод P/Invoke ""sqlite3!sqlite3_backup_remaining"" для метода ""System.Int32 SQLite.Net.Platform.WinRT.SQLite3.sqlite3_backup_remaining(System.IntPtr)"". Вызов этого метода приведет к исключению во время выполнения. Убедитесь, что P/Invoke указывает на API Windows, разрешенный в приложениях UWP, или на библиотеку DLL в машинном коде, которая является частью пакета. Если по какой-то причине P/Invoke не отвечает этим условиям, используйте [DllImport(ExactSpelling=true), чтобы показать, что вы понимаете последствия использования API, не относящихся к UWP."
"Warning",,0,0,"      MCG : warning MCG0007: Неразрешенный метод P/Invoke ""sqlite3!sqlite3_backup_pagecount"" для метода ""System.Int32 SQLite.Net.Platform.WinRT.SQLite3.sqlite3_backup_pagecount(System.IntPtr)"". Вызов этого метода приведет к исключению во время выполнения. Убедитесь, что P/Invoke указывает на API Windows, разрешенный в приложениях UWP, или на библиотеку DLL в машинном коде, которая является частью пакета. Если по какой-то причине P/Invoke не отвечает этим условиям, используйте [DllImport(ExactSpelling=true), чтобы показать, что вы понимаете последствия использования API, не относящихся к UWP."
"Warning",,0,0,"      MCG : warning MCG0007: Неразрешенный метод P/Invoke ""sqlite3!sqlite3_sleep"" для метода ""System.Int32 SQLite.Net.Platform.WinRT.SQLite3.sqlite3_sleep(System.Int32)"". Вызов этого метода приведет к исключению во время выполнения. Убедитесь, что P/Invoke указывает на API Windows, разрешенный в приложениях UWP, или на библиотеку DLL в машинном коде, которая является частью пакета. Если по какой-то причине P/Invoke не отвечает этим условиям, используйте [DllImport(ExactSpelling=true), чтобы показать, что вы понимаете последствия использования API, не относящихся к UWP."
"Message",Normal,"          P/Invoke ""RhpGetFuncEvalParameterBufferSize"" с [DllImport(ExactSpelling=true)] разрешен как ""[MRT]!RhpGetFuncEvalParameterBufferSize""."
"Message",Normal,"          P/Invoke ""RhpGetFuncEvalMode"" с [DllImport(ExactSpelling=true)] разрешен как ""[MRT]!RhpGetFuncEvalMode""."
"Message",Normal,"          P/Invoke ""RhpRecordDebuggeeInitiatedHandle"" с [DllImport(ExactSpelling=true)] разрешен как ""[MRT]!RhpRecordDebuggeeInitiatedHandle""."
"Message",Normal,"          P/Invoke ""RhpVerifyDebuggerCleanup"" с [DllImport(ExactSpelling=true)] разрешен как ""[MRT]!RhpVerifyDebuggerCleanup""."
"Message",Normal,"          P/Invoke ""RhpGetCurrentThread"" с [DllImport(ExactSpelling=true)] разрешен как ""[MRT]!RhpGetCurrentThread""."
"Message",Normal,"          P/Invoke ""RhWaitForPendingFinalizers"" с [DllImport(ExactSpelling=true)] разрешен как ""[MRT]!RhWaitForPendingFinalizers""."
"Message",Normal,"          P/Invoke ""RhYield"" с [DllImport(ExactSpelling=true)] разрешен как ""[MRT]!RhYield""."
"Message",Normal,"          P/Invoke ""RhFlushProcessWriteBuffers"" с [DllImport(ExactSpelling=true)] разрешен как ""[MRT]!RhFlushProcessWriteBuffers""."
"Message",Normal,"          P/Invoke ""RhCompatibleReentrantWaitAny"" с [DllImport(ExactSpelling=true)] разрешен как ""[MRT]!RhCompatibleReentrantWaitAny""."
"Message",Normal,"          P/Invoke ""RhCallDescrWorker"" с [DllImport(ExactSpelling=true)] разрешен как ""[MRT]!RhCallDescrWorker""."
"Message",Normal,"          P/Invoke ""_ecvt_s"" с [DllImport(ExactSpelling=true)] разрешен как ""[MRT]!_ecvt_s""."
"Message",Normal,"          P/Invoke ""memmove"" с [DllImport(ExactSpelling=true)] разрешен как ""[MRT]!memmove""."
"Message",Normal,"          P/Invoke ""memset"" с [DllImport(ExactSpelling=true)] разрешен как ""[MRT]!memset""."
"Message",Normal,"          P/Invoke ""CallingConventionConverter_GetStubs"" с [DllImport(ExactSpelling=true)] разрешен как ""*!CallingConventionConverter_GetStubs""."
"Message",Normal,"          Метод P/Invoke ""WindowsCreateStringReference"" разрешен как ""WindowsCreateStringReference!api-ms-win-core-winrt-string-l1-1-0.dll"" из ""SupportedAPIs.xml""."
"Message",Normal,"          Метод P/Invoke ""GetLastError"" разрешен как ""GetLastError!api-ms-win-core-errorhandling-l1-1-0.dll"" из ""SupportedAPIs.xml""."
"Message",Normal,"          Метод P/Invoke ""SetLastError"" разрешен как ""SetLastError!api-ms-win-core-errorhandling-l1-1-0.dll"" из ""SupportedAPIs.xml""."
"Message",Normal,"          Метод P/Invoke ""RoInitialize"" разрешен как ""RoInitialize!api-ms-win-core-winrt-l1-1-0.dll"" из ""SupportedAPIs.xml""."
"Message",Normal,"          Метод P/Invoke ""IsValidLocaleName"" разрешен как ""IsValidLocaleName!api-ms-win-core-localization-l1-2-0.dll"" из ""SupportedAPIs.xml""."
"Message",Normal,"          Метод P/Invoke ""ResolveLocaleName"" разрешен как ""ResolveLocaleName!api-ms-win-core-localization-l1-2-0.dll"" из ""SupportedAPIs.xml""."
"Message",Normal,"          Метод P/Invoke ""GetCPInfoExW"" разрешен как ""GetCPInfoExW!kernel32.dll"" из ""SupportedAPIs.xml""."
"Message",Normal,"          P/Invoke ""CoCreateInstance"" с [DllImport(ExactSpelling=true)] разрешен как ""api-ms-win-core-com-l1-1-0.dll!CoCreateInstance""."
"Message",Normal,"          Метод P/Invoke ""SysFreeString"" разрешен как ""SysFreeString!OleAut32"" из ""SupportedAPIs.xml""."
"Message",Normal,"          Метод P/Invoke ""RoGetBufferMarshaler"" разрешен как ""RoGetBufferMarshaler!api-ms-win-core-winrt-robuffer-l1-1-0.dll"" из ""SupportedAPIs.xml""."
"Message",High,"  Идет создание кода..."
"Message",High,"  Создан код взаимодействия."
"Message",Normal,"  Код записан в AssemblyInfo.g.cs"
"Message",Normal,"  Код записан в Adapters.g.cs"
"Message",Normal,"  Код записан в Data.g.cs"
"Message",Normal,"  Код записан в Helpers.g.cs"
"Message",Normal,"  Код записан в ImplTypes.g.cs"
"Message",Normal,"  Код записан в PInvoke.g.cs"
"Message",Normal,"  Код записан в SafeTypes.g.cs"
"Message",Normal,"  Код записан в SharedStubs.g.cs"
"Message",Normal,"Выполняется преобразование ""GenerateCodeAndCompile"", размер кучи — 205 МБ."
"Message",High,"Идет компиляция кода взаимодействия."
"Message",Normal,"Компиляция созданного исходного кода: C:\Program Files (x86)\Microsoft SDKs\UWPNuGetPackages\microsoft.net.native.compiler\2.1.8\tools\csc\csc.exe /noconfig @""D:\Работа\C# Proj\ASU-KV-001\obj\x64\Release\ilc\intermediate\ASU-KV-001.McgInterop.rsp"""
"Message",High,"Идет создания кода прокси-сервера System.Reflection.DispatchProxy."
"Message",Normal,"Выполняется преобразование ""ReducedCopyInitialize"", размер кучи — 205 МБ."
"Message",Normal,"Выполняется преобразование ""ReducedCopyEmptyTypes"", размер кучи — 222 МБ."
"Message",Normal,"Выполняется преобразование ""ReducedCopyPopulateTypes"", размер кучи — 224 МБ."
"Message",Normal,"Выполняется преобразование ""ReducedCopyLateMetadata"", размер кучи — 236 МБ."
"Message",Normal,"Выполняется преобразование ""ReducedCopyPassResourcesToMutableAssembly"", размер кучи — 249 МБ."
"Message",Normal,"Выполняется преобразование ""ReducedCopyMethodBodies"", размер кучи — 249 МБ."
"Message",Normal,"Выполняется преобразование ""ReducedCopyComplete"", размер кучи — 264 МБ."
"Message",Normal,"Выполняется преобразование ""ReducedCopyCleanup"", размер кучи — 185 МБ."
"Message",Normal,"Выполняется преобразование ""DeveloperExperienceModeOnlyCodeRemover"", размер кучи — 185 МБ."
"Message",Normal,"Выполняется преобразование ""ComImportDetector"", размер кучи — 186 МБ."
"Message",Normal,"Выполняется преобразование ""McgAccessor"", размер кучи — 186 МБ."
"Message",Normal,"Выполняется преобразование ""McgRedirect"", размер кучи — 186 МБ."
"Message",Normal,"Выполняется преобразование ""McgRedirect"", размер кучи — 188 МБ."
"Message",Normal,"Выполняется преобразование ""McgTypeOf"", размер кучи — 189 МБ."
"Message",Normal,"Выполняется преобразование ""EventSource"", размер кучи — 192 МБ."
"Message",Normal,"Выполняется преобразование ""ValueType"", размер кучи — 192 МБ."
"Message",Normal,"Выполняется преобразование ""Attribute"", размер кучи — 192 МБ."
"Message",Normal,"Выполняется преобразование ""GetType"", размер кучи — 193 МБ."
"Message",Normal,"Выполняется преобразование ""McgFixups"", размер кучи — 193 МБ."
"Message",Normal,"Выполняется преобразование ""ResourceManagerCtor"", размер кучи — 194 МБ."
"Message",Normal,"Выполняется преобразование ""TypeofTypeHandle"", размер кучи — 194 МБ."
"Message",Normal,"Выполняется преобразование ""DispatchProxyIntrinsics"", размер кучи — 197 МБ."
"Message",Normal,"Выполняется преобразование ""StaticInitData"", размер кучи — 197 МБ."
"Message",Normal,"Выполняется преобразование ""Delegate"", размер кучи — 203 МБ."
"Message",Normal,"Выполняется преобразование ""LazyGenerics"", размер кучи — 204 МБ."
"Message",Normal,"Выполняется преобразование ""AddReflectionBlockedAttributes"", размер кучи — 211 МБ."
"Message",Normal,"Выполняется преобразование ""DisableOptimization"", размер кучи — 211 МБ."
"Message",Normal,"Выполняется преобразование ""ResourceExtractor"", размер кучи — 211 МБ."
"Message",Normal,"Выполняется преобразование ""CreateMetadata"", размер кучи — 212 МБ."
"Message",Normal,"Выполняется преобразование ""StartupCodeInjector"", размер кучи — 225 МБ."
"Message",Normal,"Выполняется преобразование ""SaveRVAStatics"", размер кучи — 225 МБ."
"Message",Normal,"Выполняется преобразование ""ReflectionInvoke"", размер кучи — 226 МБ."
"Message",Normal,"Выполняется преобразование ""ScrubOpenCalls"", размер кучи — 226 МБ."
"Message",Normal,"Выполняется преобразование ""ConvertCatchIntoFilter"", размер кучи — 226 МБ."
"Message",Normal,"Выполняется преобразование ""ReflectionMappingInfoEmit"", размер кучи — 226 МБ."
"Message",Normal,"Выполняется преобразование ""ReflectionIntrinsics"", размер кучи — 227 МБ."
"Message",Normal,"Выполняется преобразование ""ConvertManagedWinMD"", размер кучи — 227 МБ."
"Message",Normal,"Выполняется преобразование ""DebuggerGuidedStepThroughJmc"", размер кучи — 227 МБ."
"Message",Normal,"Выполняется преобразование ""Reducer"", размер кучи — 229 МБ."
"Message",High,"Очистка кода без ссылок"
"Message",Normal,"Выполняется преобразование ""WriteAssemblies"", размер кучи — 219 МБ."
"Message",Normal,""
"Message",Normal,"Сводка преобразования"
"Message",Normal,"    мс | разностный файл кучи | имя"
"Message",Normal," 10757 |        193 | Analysis"
"Message",Normal,"  3507 |          0 | GenerateCodeAndCompile"
"Message",Normal,"  2464 |        -12 | Mcg"
"Message",Normal,"  1739 |         17 | ReducedCopyInitialize"
"Message",Normal,"  1437 |         31 | WriteAssemblies"
"Message",Normal,"  1030 |        -10 | Reducer"
"Message",Normal,"   892 |        -79 | ReducedCopyComplete"
"Message",Normal,"   269 |         13 | CreateMetadata"
"Message",Normal,"   223 |         12 | ReducedCopyPopulateTypes"
"Message",Normal,"   202 |         15 | ReducedCopyMethodBodies"
"Message",Normal,"   134 |         14 | DumpNativeResources"
"Message",Normal,"   133 |         13 | ReducedCopyLateMetadata"
"Message",Normal,"    92 |          6 | StaticInitData"
"Message",Normal,"    91 |          7 | LazyGenerics"
"Message",Normal,"    81 |          3 | McgTypeOf"
"Message",Normal,"    73 |          2 | McgRedirect"
"Message",Normal,"    48 |          3 | TypeofTypeHandle"
"Message",Normal,"    41 |          0 | McgAccessor"
"Message",Normal,"    39 |          1 | McgRedirect"
"Message",Normal,"    39 |          1 | ResourceExtractor"
"Message",Normal,"    18 |          2 | ReducedCopyEmptyTypes"
"Message",Normal,"    17 |          0 | GetType"
"Message",Normal,"    17 |          2 | DebuggerGuidedStepThroughJmc"
"Message",Normal,"    15 |          1 | McgFixups"
"Message",Normal,"    14 |          1 | SaveRVAStatics"
"Message",Normal,"    11 |          0 | DispatchProxyIntrinsics"
"Message",Normal,"     9 |          1 | Delegate"
"Message",Normal,"     6 |          1 | Attribute"
"Message",Normal,"     5 |          0 | ReflectionIntrinsics"
"Message",Normal,"     5 |          0 | ScrubOpenCalls"
"Message",Normal,"     5 |          0 | StartupCodeInjector"
"Message",Normal,"     5 |          0 | EventSource"
"Message",Normal,"     4 |          0 | ReflectionInvoke"
"Message",Normal,"     3 |          0 | ReducedCopyCleanup"
"Message",Normal,"     2 |          0 | ConvertCatchIntoFilter"
"Message",Normal,"     2 |          1 | ReflectionMappingInfoEmit"
"Message",Normal,"     1 |          0 | AddReflectionBlockedAttributes"
"Message",Normal,"     1 |          0 | ValueType"
"Message",Normal,"     0 |          0 | ComImportDetector"
"Message",Normal,"     0 |          0 | ResourceManagerCtor"
"Message",Normal,"     0 |          0 | DisableOptimization"
"Message",Normal,"     0 |          0 | ConvertManagedWinMD"
"Message",Normal,"     0 |          1 | DeveloperExperienceModeOnlyCodeRemover"
"Message",Normal,"     0 |          0 | ReducedCopyPassResourcesToMutableAssembly"
"Message",Low,"Выполнение задачи ""RunILTransforms"" завершено."
"Message",Low,"Сборка целевого объекта ""RunILTransforms"" в файле ""ILTransforms"" завершена."
"Message",Low,"Сборка проекта ""ILTransforms"" завершена."
"Message",Low,""
"Message",Low,""
"Message",Low,"Сборка целевого объекта ""GenerateMDIL"" в файле ""Nutc"" завершена."
"Message",Low,""
"Message",High,"Создание машинного кода"
"Message",Low,"Сборка целевого объекта ""MDILPrepareMultiFile"" в файле ""Nutc"" завершена."
"Message",Low,""
"Message",Low,"Сборка целевого объекта ""SetBinaryForReferences"" в файле ""Nutc"" завершена."
"Message",Low,""
"Message",Low,"Задача ""GenerateMDILGlobalAnalysis"""
"Message",Normal,"Идет запуск ""C:\Program Files (x86)\Microsoft SDKs\UWPNuGetPackages\runtime.win10-x64.microsoft.net.native.compiler\2.1.8\tools\x64\ilc\Tools\nutc_driver.exe @""D:\Работа\C# Proj\ASU-KV-001\obj\x64\Release\ilc\intermediate\MDIL\ASU-KV-001.rsp""""."
"Message",Low,"Microsoft (R) MDIL Compiler - Version 2.1.26424.01"
"Message",Low,"Copyright (c) Microsoft Corporation.  All rights reserved."
"Message",Low,"Сканирование входных типов"
"Message",Low,"Сканирование методов: 2705."
"Message",Low,"Сканирование методов: 3495."
"Message",Low,"Сканирование методов: 1643."
"Message",Low,"Сканирование методов: 623."
"Message",Low,"Сканирование методов: 364."
"Message",Low,"Сканирование методов: 144."
"Message",Low,"Сканирование методов: 64."
"Message",Low,"Сканирование методов: 61."
"Message",Low,"Сканирование методов: 29."
"Message",Low,"Сканирование методов: 29."
"Message",Low,"Сканирование методов: 13."
"Message",Low,"Сканирование методов: 8."
"Message",Low,"Сканирование методов: 5."
"Message",Low,"Сканирование методов: 2."
"Message",Low,"Сканирование методов: 1."
"Message",Low,"Сканирование методов: 1."
"Message",Low,"Неотложное создание кода"
"Message",Low,"Компиляция методов: 9187."
"Message",Low,"Отложенное создание кода"
"Message",Low,"Компиляция методов: 7."
"Message",Low,"Компиляция методов: 4."
"Message",Low,"Компиляция методов: 1."
"Message",Low,"Вызов управляемого метода Initialize завершился успешно; код завершения: 0 при создании CTL.Статистика метаданных трассировки стека"
"Message",Low,"Количество вызовов методов:   3629"
"Message",Low,"Размер BLOB-объекта метаданных:          152687"
"Message",Low,"Метод RVA — размер карты токенов: 29032"
"Message",Low,"Общий размер в собственном формате:           181719"
"Message",Low,"Успешно создан: ""D:\Работа\C# Proj\ASU-KV-001\obj\x64\Release\ilc\intermediate\MDIL\ASU-KV-001.mdilexe"""
"Message",Low,"Успешно создан: ""D:\Работа\C# Proj\ASU-KV-001\obj\x64\Release\ilc\intermediate\MDIL\ASU-KV-001.mdilpdb"""
"Message",Low,"Компилируется в код MDIL."
"Message",Normal,"Задача ""C:\Program Files (x86)\Microsoft SDKs\UWPNuGetPackages\runtime.win10-x64.microsoft.net.native.compiler\2.1.8\tools\x64\ilc\Tools\nutc_driver.exe @""D:\Работа\C# Proj\ASU-KV-001\obj\x64\Release\ilc\intermediate\MDIL\ASU-KV-001.rsp"""" завершена."
"Message",Normal,"Статистика выполнения процессов (все значения в миллисекундах)"
"Message",Normal,"-----------------------------------------------------------------------------"
"Message",Normal,"запустить  |  начать   |   остановить   |   завершить    | длительность | время существования | имя [слот]"
"Message",Normal,"-----------------------------------------------------------------------------"
"Message",Normal,"       0 |       62 |    17812 |    17812 |    17750 |    17812 | [0] Nutc GlobalAnalysis"
"Message",Normal,"Число команд:      1"
"Message",Normal,"Общее системное время:       17812 мс"
"Message",Normal,"Системное время на команду: 17812 мс"
"Message",Normal,"Общая длительность:          17750 мс"
"Message",Normal,"Общее время жизни:          17812 мс"
"Message",Normal,"Запрошенный DOP:           4"
"Message",Normal,"Длительность DOP:            1,0"
"Message",Normal,"Время жизни DOP:            1,0"
"Message",Low,"Выполнение задачи ""GenerateMDILGlobalAnalysis"" завершено."
"Message",Low,"Сборка целевого объекта ""GenerateMDILGlobalAnalysis"" в файле ""Nutc"" завершена."
"Message",Low,""
"Message",Low,"Задача ""rc"""
"Message",Normal,"Идет запуск ""C:\Program Files (x86)\Windows Kits\10\bin\10.0.16299.0\x64\rc.exe /c ""65001"" /r /fo ""D:\Работа\C# Proj\ASU-KV-001\obj\x64\Release\ilc\intermediate\BuildInfo\BuildInfo.res"" ""D:\Работа\C# Proj\ASU-KV-001\obj\x64\Release\ilc\intermediate\BuildInfo\BuildInfo.rc""""."
"Message",Low,"Microsoft (R) Windows (R) Resource Compiler Version 10.0.10011.16384"
"Message",Low,"Copyright (C) Microsoft Corporation.  All rights reserved."
"Message",Normal,"Задача ""C:\Program Files (x86)\Windows Kits\10\bin\10.0.16299.0\x64\rc.exe /c ""65001"" /r /fo ""D:\Работа\C# Proj\ASU-KV-001\obj\x64\Release\ilc\intermediate\BuildInfo\BuildInfo.res"" ""D:\Работа\C# Proj\ASU-KV-001\obj\x64\Release\ilc\intermediate\BuildInfo\BuildInfo.rc"""" завершена."
"Message",Normal,"Статистика выполнения процессов (все значения в миллисекундах)"
"Message",Normal,"-----------------------------------------------------------------------------"
"Message",Normal,"запустить  |  начать   |   остановить   |   завершить    | длительность | время существования | имя [слот]"
"Message",Normal,"-----------------------------------------------------------------------------"
"Message",Normal,"       0 |       32 |      172 |      172 |      140 |      172 | [0] rc"
"Message",Normal,"Число команд:      1"
"Message",Normal,"Общее системное время:       172 мс"
"Message",Normal,"Системное время на команду: 172 мс"
"Message",Normal,"Общая длительность:          140 мс"
"Message",Normal,"Общее время жизни:          172 мс"
"Message",Normal,"Запрошенный DOP:           4"
"Message",Normal,"Длительность DOP:            0,8"
"Message",Normal,"Время жизни DOP:            1,0"
"Message",Low,"Выполнение задачи ""rc"" завершено."
"Message",Low,"Задача ""ResourceBinaryConcatenate"""
"Message",Normal,"Идет объединение ""D:\Работа\C# Proj\ASU-KV-001\obj\x64\Release\ilc\intermediate\Native.res"" с выравниванием ""4""."
"Message",Normal," Добавлено ""D:\Работа\C# Proj\ASU-KV-001\obj\x64\Release\ilc\intermediate\ILTransformed\ASU-KV-001.res"" в смещении 0."
"Message",Normal," Добавлено ""D:\Работа\C# Proj\ASU-KV-001\obj\x64\Release\ilc\intermediate\BuildInfo\BuildInfo.res"" в смещении 1424."
"Message",Low,"Выполнение задачи ""ResourceBinaryConcatenate"" завершено."
"Message",Low,"Сборка целевого объекта ""GenerateBuildInfo"" в файле ""Nutc"" завершена."
"Message",Low,"Сборка проекта ""Nutc"" завершена."
"Message",Low,""
"Message",Low,""
"Message",Low,"Сборка целевого объекта ""MDILBindPrepare"" в файле ""Binder"" завершена."
"Message",Low,""
"Message",High,"Создание исправлений для машинного кода"
"Message",Low,"Задача ""MDILBind"""
"Message",Normal,"Идет запуск ""C:\Program Files (x86)\Microsoft SDKs\UWPNuGetPackages\runtime.win10-x64.microsoft.net.native.compiler\2.1.8\tools\x64\ilc\Tools\rhbind.exe @""D:\Работа\C# Proj\ASU-KV-001\obj\x64\Release\ilc\intermediate\rhbindargs.ASU-KV-001.rsp""""."
"Message",Low,"ВЕРСИЯ ОС: основная: 6;  дополнительная: 2"
"Message",Low,"MDIL: D:\Работа\C# Proj\ASU-KV-001\obj\x64\Release\ilc\intermediate\MDIL\ASU-KV-001.mdilexe"
"Message",Low,"MDILPDB: D:\Работа\C# Proj\ASU-KV-001\obj\x64\Release\ilc\intermediate\MDIL\ASU-KV-001.mdilpdb"
"Message",Low,"IL: D:\Работа\C# Proj\ASU-KV-001\obj\x64\Release\ilc\intermediate\MDIL\ASU-KV-001.ilexe"
"Message",Low,"NI: D:\Работа\C# Proj\ASU-KV-001\obj\x64\Release\ilc\intermediate\Native\ASU-KV-001.dll"
"Message",Low,"SHIM: D:\Работа\C# Proj\ASU-KV-001\obj\x64\Release\ilc\intermediate\Native\ASU-KV-001.exe"
"Message",Low,"REDHAWK_RUNTIME_DLL_NAME_A=mrt100_app.dll"
"Message",Low,"pdb: D:\Работа\C# Proj\ASU-KV-001\obj\x64\Release\ilc\intermediate\Native\ASU-KV-001.pdb"
"Message",Low,"Создано: D:\Работа\C# Proj\ASU-KV-001\obj\x64\Release\ilc\intermediate\Native\ASU-KV-001.dll за 1.098 с"
"Message",Normal,"Задача ""C:\Program Files (x86)\Microsoft SDKs\UWPNuGetPackages\runtime.win10-x64.microsoft.net.native.compiler\2.1.8\tools\x64\ilc\Tools\rhbind.exe @""D:\Работа\C# Proj\ASU-KV-001\obj\x64\Release\ilc\intermediate\rhbindargs.ASU-KV-001.rsp"""" завершена."
"Message",Normal,"Статистика выполнения процессов (все значения в миллисекундах)"
"Message",Normal,"-----------------------------------------------------------------------------"
"Message",Normal,"запустить  |  начать   |   остановить   |   завершить    | длительность | время существования | имя [слот]"
"Message",Normal,"-----------------------------------------------------------------------------"
"Message",Normal,"       0 |       78 |     1531 |     1531 |     1453 |     1531 | [0] rhbind ASU-KV-001"
"Message",Normal,"Число команд:      1"
"Message",Normal,"Общее системное время:       1531 мс"
"Message",Normal,"Системное время на команду: 1531 мс"
"Message",Normal,"Общая длительность:          1453 мс"
"Message",Normal,"Общее время жизни:          1531 мс"
"Message",Normal,"Запрошенный DOP:           4"
"Message",Normal,"Длительность DOP:            0,9"
"Message",Normal,"Время жизни DOP:            1,0"
"Message",Low,"Выполнение задачи ""MDILBind"" завершено."
"Message",Low,"Сборка целевого объекта ""MDILBind"" в файле ""Binder"" завершена."
"Message",Low,"Сборка проекта ""Binder"" завершена."
"Message",Low,""
"Message",Low,""
"Message",Low,"Сборка целевого объекта ""CopyNativeExecutablesToOutput"" в файле ""Deployment"" завершена."
"Message",Low,""
"Message",Low,"Задача ""TransformAppxManifest"""
"Message",Low,"Выполнение задачи ""TransformAppxManifest"" завершено."
"Message",Low,"Сборка целевого объекта ""TransformAppxManifestAndAddCrt"" в файле ""Deployment"" завершена."
"Message",Low,""
"Message",Low,"Сборка целевого объекта ""CopyPackageResourceFileInRetailBuild"" в файле ""Deployment"" завершена."
"Message",Low,"Сборка проекта ""Deployment"" завершена."
"Message",Low,"Компиляция выполнена"
